eval/12000.0_normalized_score_std,eval/6000.0_normalized_score_mean,eval/6000.0_reward_std,eval/12000.0_reward_std,eval/12000.0_reward_mean,eval/12000.0_normalized_score_mean,eval/6000.0_normalized_score_std,eval/6000.0_reward_mean
45.544135422387605,112.40401482633406,75.74597491439708,45.544135422387605,108.44742663504825,108.44742663504825,75.74597491439708,112.40401482633406
