eval/12000.0_reward_std,eval/12000.0_normalized_score_std,eval/6000.0_reward_std,eval/12000.0_normalized_score_mean,eval/6000.0_reward_mean,eval/6000.0_normalized_score_mean,eval/6000.0_normalized_score_std,eval/12000.0_reward_mean
125.68623620266312,125.68623620266312,121.67030262816264,216.84473488690418,221.10918414793213,221.10918414793213,121.67030262816264,216.84473488690418
